<?xml version="1.0" encoding="utf-8" ?>
<Months>
  <Month>
    <Number>1</Number>
    <Name>January</Name>
  </Month>
  <Month>
    <Number>2</Number>
    <Name>February</Name>
  </Month>
  <Month>
    <Number>3</Number>
    <Name>March</Name>
  </Month>
  <Month>
    <Number>4</Number>
    <Name>April</Name>
  </Month>
  <Month>
    <Number>5</Number>
    <Name>May</Name>
  </Month>
  <Month>
    <Number>6</Number>
    <Name>June</Name>
  </Month>
  <Month>
    <Number>7</Number>
    <Name>July</Name>
  </Month>
  <Month>
    <Number>8</Number>
    <Name>August</Name>
  </Month>
  <Month>
    <Number>9</Number>
    <Name>September</Name>
  </Month>
  <Month>
    <Number>10</Number>
    <Name>October</Name>
  </Month>
  <Month>
    <Number>11</Number>
    <Name>November</Name>
  </Month>
  <Month>
    <Number>12</Number>
    <Name>December</Name>
  </Month>
</Months>