<?xml version="1.0" encoding="utf-8" ?>
<Years>



  <Year>
    <Number>1908</Number>
    <Value>1908</Value>
  </Year>
  <Year>
    <Number>1909</Number>
    <Value>1909</Value>
  </Year>
  <Year>
    <Number>1910</Number>
    <Value>1910</Value>
  </Year>
  <Year>
    <Number>1911</Number>
    <Value>1911</Value>
  </Year>
  <Year>
    <Number>1912</Number>
    <Value>1912</Value>
  </Year>
  <Year>
    <Number>1913</Number>
    <Value>1913</Value>
  </Year>
  <Year>
    <Number>1914</Number>
    <Value>1914</Value>
  </Year>
  <Year>
    <Number>1915</Number>
    <Value>1915</Value>
  </Year>
  <Year>
    <Number>1916</Number>
    <Value>1916</Value>
  </Year>
  <Year>
    <Number>1917</Number>
    <Value>1917</Value>
  </Year>
  <Year>
    <Number>1918</Number>
    <Value>1918</Value>
  </Year>
  <Year>
    <Number>1919</Number>
    <Value>1919</Value>
  </Year>
  <Year>
    <Number>1920</Number>
    <Value>1920</Value>
  </Year>
  <Year>
    <Number>1921</Number>
    <Value>1921</Value>
  </Year>


  <Year>
    <Number>1922</Number>
    <Value>1922</Value>
  </Year>
  <Year>
    <Number>1923</Number>
    <Value>1923</Value>
  </Year>
  <Year>
    <Number>1924</Number>
    <Value>1924</Value>
  </Year>
  <Year>
    <Number>1925</Number>
    <Value>1925</Value>
  </Year>
  <Year>
    <Number>1926</Number>
    <Value>1926</Value>
  </Year>
  <Year>
    <Number>1927</Number>
    <Value>1927</Value>
  </Year>



  <Year>
    <Number>1928</Number>
    <Value>1928</Value>
  </Year>
  <Year>
    <Number>1929</Number>
    <Value>1929</Value>
  </Year>
  <Year>
    <Number>1930</Number>
    <Value>1930</Value>
  </Year>
  <Year>
    <Number>1931</Number>
    <Value>1931</Value>
  </Year>
  <Year>
    <Number>1932</Number>
    <Value>1932</Value>
  </Year>
  <Year>
    <Number>1933</Number>
    <Value>1933</Value>
  </Year>
  <Year>
    <Number>1934</Number>
    <Value>1934</Value>
  </Year>
  <Year>
    <Number>1935</Number>
    <Value>1935</Value>
  </Year>
  <Year>
    <Number>1936</Number>
    <Value>1936</Value>
  </Year>
  <Year>
    <Number>1937</Number>
    <Value>1937</Value>
  </Year>






  <Year>
    <Number>1938</Number>
    <Value>1938</Value>
  </Year>
  <Year>
    <Number>1939</Number>
    <Value>1939</Value>
  </Year>
  <Year>
    <Number>1940</Number>
    <Value>1940</Value>
  </Year>
  <Year>
    <Number>1941</Number>
    <Value>1941</Value>
  </Year>
  <Year>
    <Number>1942</Number>
    <Value>1942</Value>
  </Year>
  <Year>
    <Number>1943</Number>
    <Value>1943</Value>
  </Year>
  <Year>
    <Number>1944</Number>
    <Value>1944</Value>
  </Year>
  <Year>
    <Number>1945</Number>
    <Value>1945</Value>
  </Year>
  <Year>
    <Number>1946</Number>
    <Value>1946</Value>
  </Year>
  <Year>
    <Number>1947</Number>
    <Value>1947</Value>
  </Year>
  <Year>
    <Number>1948</Number>
    <Value>1948</Value>
  </Year>
  <Year>
    <Number>1949</Number>
    <Value>1949</Value>
  </Year>
  <Year>
    <Number>1950</Number>
    <Value>1950</Value>
  </Year>
  <Year>
    <Number>1951</Number>
    <Value>1951</Value>
  </Year>


  <Year>
    <Number>1952</Number>
    <Value>1952</Value>
  </Year>
  <Year>
    <Number>1953</Number>
    <Value>1953</Value>
  </Year>
  <Year>
    <Number>1954</Number>
    <Value>1954</Value>
  </Year>
  <Year>
    <Number>1955</Number>
    <Value>1955</Value>
  </Year>
  <Year>
    <Number>1956</Number>
    <Value>1956</Value>
  </Year>
  <Year>
    <Number>1957</Number>
    <Value>1957</Value>
  </Year>



  <Year>
    <Number>1958</Number>
    <Value>1958</Value>
  </Year>
  <Year>
    <Number>1959</Number>
    <Value>1959</Value>
  </Year>
  <Year>
    <Number>1960</Number>
    <Value>1960</Value>
  </Year>
  <Year>
    <Number>1961</Number>
    <Value>1961</Value>
  </Year>
  <Year>
    <Number>1962</Number>
    <Value>1962</Value>
  </Year>
  <Year>
    <Number>1963</Number>
    <Value>1963</Value>
  </Year>
  <Year>
    <Number>1964</Number>
    <Value>1964</Value>
  </Year>
  <Year>
    <Number>1965</Number>
    <Value>1965</Value>
  </Year>
  <Year>
    <Number>1966</Number>
    <Value>1966</Value>
  </Year>
  <Year>
    <Number>1967</Number>
    <Value>1967</Value>
  </Year>
  <Year>
    <Number>1968</Number>
    <Value>1968</Value>
  </Year>
  <Year>
    <Number>1969</Number>
    <Value>1969</Value>
  </Year>
  <Year>
    <Number>1970</Number>
    <Value>1970</Value>
  </Year>
  <Year>
    <Number>1971</Number>
    <Value>1971</Value>
  </Year>


  <Year>
    <Number>1972</Number>
    <Value>1972</Value>
  </Year>
  <Year>
    <Number>1973</Number>
    <Value>1973</Value>
  </Year>
  <Year>
    <Number>1974</Number>
    <Value>1974</Value>
  </Year>
  <Year>
    <Number>1975</Number>
    <Value>1975</Value>
  </Year>
  <Year>
    <Number>1976</Number>
    <Value>1976</Value>
  </Year>
  <Year>
    <Number>1977</Number>
    <Value>1977</Value>
  </Year>
  <Year>
    <Number>1978</Number>
    <Value>1978</Value>
  </Year>
  <Year>
    <Number>1979</Number>
    <Value>1979</Value>
  </Year>
  <Year>
    <Number>1980</Number>
    <Value>1980</Value>
  </Year>
  <Year>
    <Number>1981</Number>
    <Value>1981</Value>
  </Year>
  <Year>
    <Number>1982</Number>
    <Value>1982</Value>
  </Year>
  <Year>
    <Number>1983</Number>
    <Value>1983</Value>
  </Year>
  <Year>
    <Number>1984</Number>
    <Value>1984</Value>
  </Year>
  <Year>
    <Number>1985</Number>
    <Value>1985</Value>
  </Year>
  
  

  <Year>
    <Number>1986</Number>
    <Value>1986</Value>
  </Year>
  <Year>
    <Number>1987</Number>
    <Value>1987</Value>
  </Year>
  <Year>
    <Number>1988</Number>
    <Value>1988</Value>
  </Year>
  <Year>
    <Number>1989</Number>
    <Value>1989</Value>
  </Year>
  <Year>
    <Number>1990</Number>
    <Value>1990</Value>
  </Year>
  <Year>
    <Number>1991</Number>
    <Value>1991</Value>
  </Year>
  <Year>
    <Number>1992</Number>
    <Value>1992</Value>
  </Year>
  <Year>
    <Number>1993</Number>
    <Value>1993</Value>
  </Year>
  <Year>
    <Number>1994</Number>
    <Value>1994</Value>
  </Year>
  <Year>
    <Number>1995</Number>
    <Value>1995</Value>
  </Year>
  <Year>
    <Number>1996</Number>
    <Value>1996</Value>
  </Year>
  <Year>
    <Number>1997</Number>
    <Value>1997</Value>
  </Year>
  <Year>
    <Number>1998</Number>
    <Value>1998</Value>
  </Year>
  <Year>
    <Number>1999</Number>
    <Value>1999</Value>
  </Year>
  <Year>
    <Number>2000</Number>
    <Value>2000</Value>
  </Year>
  <Year>
    <Number>2001</Number>
    <Value>2001</Value>
  </Year>
  <Year>
    <Number>2002</Number>
    <Value>2002</Value>
  </Year>
  <Year>
    <Number>2003</Number>
    <Value>2003</Value>
  </Year>
  <Year>
    <Number>2004</Number>
    <Value>2004</Value>
  </Year>
  <Year>
    <Number>2005</Number>
    <Value>2005</Value>
  </Year>
  <Year>
    <Number>2006</Number>
    <Value>2006</Value>
  </Year>
  <Year>
    <Number>2007</Number>
    <Value>2007</Value>
  </Year>
  <Year>
    <Number>2008</Number>
    <Value>2008</Value>
  </Year>
  <Year>
    <Number>2009</Number>
    <Value>2009</Value>
  </Year>
  <Year>
    <Number>2010</Number>
    <Value>2010</Value>
  </Year>
  <Year>
    <Number>2011</Number>
    <Value>2011</Value>
  </Year>
  <Year>
    <Number>2012</Number>
    <Value>2012</Value>
  </Year>
  <Year>
    <Number>2013</Number>
    <Value>2013</Value>
  </Year>
   <Year>
    <Number>2014</Number>
    <Value>2014</Value>
  </Year>
  <Year>
    <Number>2015</Number>
    <Value>2015</Value>
  </Year>
  <Year>
    <Number>2016</Number>
    <Value>2016</Value>
  </Year>
  <Year>
    <Number>2017</Number>
    <Value>2017</Value>
  </Year>
  <Year>
    <Number>2018</Number>
    <Value>2018</Value>
  </Year>
  <Year>
    <Number>2019</Number>
    <Value>2019</Value>
  </Year>
  <Year>
    <Number>2020</Number>
    <Value>2020</Value>
  </Year>
  

</Years>